{
  "project_info": {
    "project_number": "768189977184",
    "project_id": "pine-a1a36",
    "storage_bucket": "pine-a1a36.appspot.com"
  },
  "client": [
    {
      "client_info": {
        "mobilesdk_app_id": "1:768189977184:android:6a863917278f9ac6862905",
        "android_client_info": {
          "package_name": "com.pine.pinesocial"
        }
      },
      "oauth_client": [
        {
          "client_id": "768189977184-buomvjg0pld0onm16ddbp3arn11dqpb3.apps.googleusercontent.com",
          "client_type": 1,
          "android_info": {
            "package_name": "com.pine.pinesocial",
            "certificate_hash": "3f3fd043779f449d4fbdd1cfa198dd70879c48a6"
          }
        },
        {
          "client_id": "768189977184-oo0a823dfg561vgok0nm1dveu8a9huog.apps.googleusercontent.com",
          "client_type": 1,
          "android_info": {
            "package_name": "com.pine.pinesocial",
            "certificate_hash": "f65c747e4669dcc7cf63922180c273c59b690ffd"
          }
        },
        {
          "client_id": "768189977184-hacoqfau1gp9thhlaf0mi8thmdoiq5fc.apps.googleusercontent.com",
          "client_type": 3
        }
      ],
      "api_key": [
        {
          "current_key": "AIzaSyCOsjcpyhwHHYKwNjBYBx7R_sHZ5fkQ7EM"
        }
      ],
      "services": {
        "appinvite_service": {
          "other_platform_oauth_client": [
            {
              "client_id": "768189977184-hacoqfau1gp9thhlaf0mi8thmdoiq5fc.apps.googleusercontent.com",
              "client_type": 3
            },
            {
              "client_id": "768189977184-ids63pl3ok2ou8s9473nmhldiaa8ss03.apps.googleusercontent.com",
              "client_type": 2,
              "ios_info": {
                "bundle_id": "com.pine.pinesocial"
              }
            }
          ]
        }
      }
    }
  ],
  "configuration_version": "1"
}