{"flutter":{"platforms":{"android":{"default":{"projectId":"pine-a1a36","appId":"1:768189977184:android:6a863917278f9ac6862905","fileOutput":"android/app/google-services.json"}},"ios":{"default":{"projectId":"pine-a1a36","appId":"1:768189977184:ios:234270c611c3ccd8862905","uploadDebugSymbols":false,"fileOutput":"ios/Runner/GoogleService-Info.plist"}},"dart":{"lib/firebase_options.dart":{"projectId":"pine-a1a36","configurations":{"android":"1:768189977184:android:6a863917278f9ac6862905","ios":"1:768189977184:ios:234270c611c3ccd8862905","macos":"1:768189977184:ios:234270c611c3ccd8862905","web":"1:768189977184:web:056be24cd73d2b72862905","windows":"1:768189977184:web:08f49bd51847f8f1862905"}}}}}}